request_id,requester_received_pizza
t3_i8iy4,0.26
t3_1mfqi0,0.108
t3_lclka,0.144
t3_1jdgdj,0.058
t3_t2qt4,0.23
t3_pvojb,0.304
t3_142n4c,0.054
t3_17rja6,0.172
t3_1lg6u2,0.16
t3_1b0mtx,0.23
t3_mmivq,0.304
t3_11ux2a,0.1
t3_klige,0.188
t3_1iv3cj,0.9
t3_13dh0w,0.184
t3_li326,0.134
t3_xww8y,0.164
t3_kogen,0.182
t3_ik8w1,0.356
t3_j3nnl,0.36
t3_j6xvd,0.19
t3_1lsrj5,0.33
t3_idld7,0.218
t3_y6amf,0.384
t3_hl0ft,0.28
t3_jg6yk,0.296
t3_1k5ss6,0.206
t3_u6i4z,0.356
t3_ltuhq,0.166
t3_1m2om7,0.292
t3_hgdtf,0.352
t3_w89lu,0.182
t3_ifk6u,0.234
t3_18c4e9,0.126
t3_133rk6,0.248
t3_icpa2,0.178
t3_tllxh,0.37
t3_ibvic,0.158
t3_153cst,0.28
t3_115vox,0.272
t3_n318c,0.246
t3_ojy6r,0.214
t3_wziql,0.318
t3_jiwx8,0.162
t3_ibsyq,0.252
t3_v07fz,0.922
t3_us9ho,0.166
t3_1l120o,0.122
t3_1avwr4,0.162
t3_11pdxt,0.084
t3_1eg6hz,0.884
t3_nfom9,0.222
t3_qaf9d,0.214
t3_15dl3p,0.348
t3_1ietp9,0.786
t3_if8os,0.252
t3_irugk,0.296
t3_i5liz,0.514
t3_1indge,0.846
t3_1j6smi,0.126
t3_1lxyig,0.142
t3_hecc7,0.394
t3_14tiyz,0.184
t3_k1z07,0.394
t3_10wwjr,0.136
t3_lvs72,0.25
t3_18u12f,0.206
t3_yftil,0.246
t3_i20wz,0.25
t3_zs6gr,0.104
t3_17rugq,0.204
t3_10cmhw,0.11
t3_1jgj8g,0.144
t3_16q2jp,0.374
t3_1hbpnz,0.15
t3_1737ki,0.154
t3_pfl37,0.356
t3_qg1wv,0.424
t3_wcupv,0.132
t3_14gsx5,0.25
t3_xzsu3,0.882
t3_1lnsb4,0.268
t3_iympu,0.282
t3_k9o6g,0.302
t3_1ktbje,0.202
t3_zuow2,0.176
t3_16tazw,0.132
t3_pvl3a,0.222
t3_11a45a,0.89
t3_187gk8,0.194
t3_jrtbz,0.296
t3_lagsc,0.59
t3_rt9rt,0.124
t3_15qz4q,0.39
t3_hz1m5,0.564
t3_119agf,0.182
t3_k70hk,0.422
t3_i2xbl,0.214
t3_10gk0h,0.81
t3_1mwaf9,0.144
t3_uwwyl,0.166
t3_10ca6l,0.26
t3_1h4mik,0.198
t3_i0qp5,0.554
t3_krx89,0.828
t3_ibtwa,0.37
t3_11tb71,0.298
t3_sfrhj,0.128
t3_jncp2,0.442
t3_t7qee,0.158
t3_zxawy,0.478
t3_id14p,0.24
t3_1by9im,0.224
t3_hwxwd,0.212
t3_jmo2j,0.114
t3_wc93i,0.112
t3_qzu7s,0.216
t3_xn9n8,0.138
t3_10vrop,0.188
t3_1crhe7,0.092
t3_sz4rm,0.124
t3_micek,0.37
t3_nbkbt,0.19
t3_13jofn,0.068
t3_1fwjjw,0.256
t3_q2spw,0.152
t3_v8f7b,0.418
t3_1cnqfg,0.248
t3_xn0no,0.212
t3_ki6jk,0.244
t3_mbcj7,0.48
t3_j65lu,0.498
t3_jm9ld,0.232
t3_tfo4q,0.938
t3_1160fi,0.246
t3_yg7bf,0.344
t3_naauc,0.49
t3_14tdkv,0.262
t3_ozrs5,0.314
t3_mywtr,0.104
t3_14bzcp,0.874
t3_1hwd6l,0.092
t3_10wbvp,0.344
t3_1bn2ov,0.132
t3_14talm,0.174
t3_13seyz,0.1
t3_jnywu,0.174
t3_tdww7,0.08
t3_vn1l9,0.158
t3_zhzk6,0.288
t3_1fyoex,0.112
t3_11t3kg,0.82
t3_tubzr,0.174
t3_1gstqn,0.892
t3_1euaic,0.156
t3_ynaia,0.248
t3_1mwhh9,0.088
t3_m1y90,0.22
t3_1je8f1,0.664
t3_rx4zo,0.194
t3_1f8kvl,0.284
t3_1is6ya,0.158
t3_iai8b,0.278
t3_1fnw48,0.198
t3_vmwzf,0.18
t3_jg8jk,0.128
t3_12hejm,0.298
t3_1krjs4,0.072
t3_k4utv,0.176
t3_xbitu,0.184
t3_13y8zq,0.06
t3_q60gf,0.296
t3_jb9gi,0.308
t3_t22lo,0.218
t3_vptrf,0.47
t3_1cexg7,0.226
t3_yuxak,0.124
t3_kdstl,0.102
t3_1gy3zk,0.132
t3_1cn4fz,0.098
t3_1o5psw,0.588
t3_1fi04r,0.262
t3_ovnya,0.136
t3_puk2v,0.21
t3_1mwqc3,0.052
t3_hueth,0.38
t3_1muyje,0.32
t3_l5kka,0.21
t3_1cmihx,0.13
t3_10j1np,0.158
t3_sydf2,0.156
t3_1fcf2h,0.122
t3_m2id2,0.202
t3_m0vt8,0.272
t3_14t7j9,0.18
t3_1b0jci,0.218
t3_zsa2t,0.27
t3_xd60b,0.162
t3_htzo7,0.306
t3_1hl0jw,0.158
t3_19lq75,0.19
t3_1bp2u8,0.138
t3_jdxtx,0.334
t3_j68ur,0.282
t3_10fo7v,0.108
t3_18cqfw,0.404
t3_1bp1we,0.186
t3_hzzgp,0.43
t3_jrzko,0.212
t3_ieglz,0.364
t3_113kuj,0.89
t3_ledoj,0.22
t3_iy36f,0.174
t3_113qym,0.154
t3_zha1q,0.302
t3_16xsqk,0.13
t3_tq5qq,0.236
t3_y2qle,0.264
t3_jafft,0.292
t3_s6iox,0.286
t3_vhs8y,0.834
t3_kyw1u,0.274
t3_12839n,0.138
t3_jsaom,0.16
t3_qmp3p,0.3
t3_ny3zk,0.23
t3_lkmwg,0.848
t3_uhmf8,0.912
t3_hyr3z,0.438
t3_pvs82,0.348
t3_htfi5,0.334
t3_ltyr4,0.206
t3_x285o,0.202
t3_j2fxf,0.858
t3_lt6l5,0.288
t3_mlwsc,0.376
t3_kwlpi,0.404
t3_susbr,0.09
t3_13ww4i,0.086
t3_rs4rl,0.176
t3_12l3sq,0.32
t3_1e7zhc,0.104
t3_14ssun,0.14
t3_pbh5x,0.156
t3_1iemsj,0.148
t3_qdn9m,0.826
t3_ienvf,0.252
t3_1ckh9t,0.28
t3_hwzc2,0.334
t3_p3lkq,0.202
t3_icr1j,0.182
t3_1ipgcx,0.19
t3_iqw0f,0.298
t3_1fbfeg,0.302
t3_j7us6,0.114
t3_iwany,0.19
t3_mdhq5,0.234
t3_wag1s,0.192
t3_1kvwpq,0.142
t3_plp25,0.2
t3_k3qyc,0.872
t3_12txtd,0.138
t3_irj2c,0.302
t3_qnrv7,0.23
t3_m7bdd,0.256
t3_10qngl,0.142
t3_10d4a8,0.102
t3_w160y,0.196
t3_lp1ux,0.162
t3_1i6bna,0.232
t3_1g74wk,0.238
t3_18pv4q,0.102
t3_1epv0f,0.234
t3_1mvb6s,0.312
t3_17z37c,0.174
t3_m6np7,0.328
t3_11tiox,0.108
t3_jf55a,0.15
t3_l3g0s,0.144
t3_19p6mc,0.094
t3_xeedv,0.166
t3_slq9i,0.18
t3_jirtz,0.204
t3_tblcz,0.234
t3_qqud3,0.318
t3_r06po,0.246
t3_1l2a9r,0.162
t3_iefba,0.352
t3_kbc4h,0.228
t3_mc7hx,0.276
t3_1cyxp5,0.466
t3_1lmc4f,0.216
t3_wo6p3,0.17
t3_ojtem,0.2
t3_k3yrb,0.102
t3_i8xhn,0.252
t3_w6xdm,0.108
t3_1mxpun,0.038
t3_1lx6vd,0.576
t3_j8hka,0.218
t3_xawwv,0.196
t3_1l19vv,0.29
t3_j4vbo,0.196
t3_1ikc0d,0.108
t3_m6rdr,0.286
t3_19xxso,0.292
t3_jt1ti,0.146
t3_1abab2,0.158
t3_17rl0y,0.818
t3_jdfhh,0.27
t3_1atk3v,0.134
t3_tglzi,0.224
t3_1iv6uf,0.07
t3_p85iu,0.26
t3_x9v8i,0.218
t3_mwclc,0.322
t3_1432t6,0.182
t3_1732xx,0.132
t3_uaqw7,0.242
t3_jwam4,0.15
t3_143pb1,0.268
t3_ixmw3,0.398
t3_roye7,0.3
t3_1l1b96,0.196
t3_1lfxmx,0.136
t3_sm0fi,0.19
t3_x6xfz,0.868
t3_1akj1c,0.076
t3_jzcyp,0.106
t3_o1gb7,0.262
t3_1dapt6,0.29
t3_1a1wmz,0.208
t3_17apty,0.13
t3_13fi4r,0.074
t3_1ly2ne,0.202
t3_1mvmz3,0.098
t3_10uh4n,0.154
t3_1m4s8q,0.264
t3_wd1bd,0.18
t3_ifih0,0.198
t3_1hbxzi,0.092
t3_qs09d,0.102
t3_mjf5t,0.106
t3_12p4qj,0.384
t3_soea1,0.202
t3_jly5g,0.136
t3_1lcmkx,0.178
t3_1jo0bx,0.248
t3_1ltp6r,0.072
t3_181l4t,0.87
t3_ipzg4,0.22
t3_js0ju,0.342
t3_1gveed,0.102
t3_tozvc,0.208
t3_1kilzb,0.092
t3_185vvk,0.102
t3_m47yc,0.366
t3_1mg7m1,0.194
t3_1mdya5,0.184
t3_19ctqj,0.238
t3_1mim72,0.076
t3_iymko,0.412
t3_opkmm,0.182
t3_y466n,0.318
t3_jx9tr,0.12
t3_10zoec,0.306
t3_u08u0,0.14
t3_19ob9z,0.104
t3_jzkd1,0.156
t3_q73oq,0.174
t3_y5vj7,0.92
t3_y8w7b,0.302
t3_kxjsp,0.19
t3_1ivwvt,0.038
t3_x768a,0.142
t3_1iv28l,0.096
t3_1l27b3,0.182
t3_q1xxo,0.138
t3_jb6na,0.344
t3_163bzy,0.284
t3_qsejn,0.174
t3_1nbrku,0.444
t3_1ej7wt,0.882
t3_zh75s,0.21
t3_lstm9,0.216
t3_1j5z7e,0.066
t3_1574sv,0.334
t3_wkdxa,0.166
t3_pl5aj,0.268
t3_qap6u,0.892
t3_1gvnj8,0.186
t3_js9gy,0.33
t3_is8cd,0.15
t3_lbl8w,0.294
t3_uozbx,0.862
t3_1lxntp,0.164
t3_11n72r,0.3
t3_1iez8q,0.056
t3_ozu7k,0.342
t3_owy0m,0.174
t3_1md6b9,0.244
t3_1ex028,0.086
t3_1dg2bk,0.1
t3_hzt8o,0.18
t3_131n6r,0.124
t3_1jxgvf,0.094
t3_jmdya,0.112
t3_mg1zt,0.394
t3_j0cz0,0.232
t3_k1gsx,0.304
t3_1dmups,0.224
t3_x959y,0.132
t3_nnbds,0.328
t3_13trxv,0.122
t3_1awfml,0.078
t3_lyy5x,0.254
t3_1iwegx,0.102
t3_193frj,0.152
t3_1iudup,0.216
t3_1fwbdg,0.132
t3_16xtvk,0.284
t3_1ipepz,0.06
t3_mhcm8,0.278
t3_1gq3gs,0.294
t3_vghwo,0.182
t3_keseq,0.174
t3_16z08l,0.532
t3_mas62,0.374
t3_1isgm3,0.106
t3_puwjr,0.862
t3_liudo,0.798
t3_jxh9m,0.306
t3_11yzo2,0.092
t3_1btj3q,0.236
t3_lfma1,0.408
t3_pbyjt,0.212
t3_1jo4f6,0.108
t3_yejtx,0.278
t3_193zoz,0.178
t3_16w2nh,0.098
t3_jhmef,0.114
t3_tlbjk,0.126
t3_s80om,0.328
t3_kwrjo,0.342
t3_1cw1ms,0.196
t3_uj99i,0.228
t3_1apdwu,0.076
t3_iborf,0.238
t3_12kfy9,0.122
t3_126tep,0.216
t3_ji3ca,0.226
t3_lqnpz,0.214
t3_ibvn8,0.766
t3_i50i4,0.132
t3_lushm,0.162
t3_iffit,0.204
t3_12nmdv,0.18
t3_1lrh6u,0.1
t3_qvbzt,0.432
t3_1iez5w,0.13
t3_ql5gi,0.13
t3_1msxkn,0.264
t3_jf2fg,0.38
t3_1g4lyw,0.176
t3_1k910y,0.14
t3_x3cmt,0.094
t3_x9etl,0.898
t3_klaa6,0.182
t3_yht6g,0.154
t3_y2ljd,0.284
t3_ialy9,0.406
t3_naq48,0.208
t3_107ru4,0.172
t3_1ihfkx,0.058
t3_1ll049,0.108
t3_12nmjl,0.06
t3_1mit7t,0.204
t3_1n84jc,0.052
t3_1boflh,0.098
t3_121toe,0.098
t3_umaqa,0.134
t3_i4ck0,0.194
t3_193zo3,0.138
t3_1jggdv,0.27
t3_lencv,0.336
t3_1ahfft,0.852
t3_vpa6p,0.128
t3_k1yom,0.408
t3_k4nfr,0.15
t3_iptt8,0.162
t3_1n5n9z,0.178
t3_sss6w,0.122
t3_jb038,0.332
t3_v8beo,0.254
t3_i9qjc,0.194
t3_uoywy,0.44
t3_15gf4h,0.306
t3_z7i98,0.834
t3_kibv8,0.126
t3_lope8,0.222
t3_116umn,0.27
t3_k31fw,0.314
t3_yl88m,0.226
t3_iypmh,0.184
t3_ihdnr,0.198
t3_15jy6m,0.234
t3_1l0j5d,0.23
t3_1diu6d,0.278
t3_1fzhzr,0.158
t3_iclgj,0.396
t3_1jzcon,0.08
t3_l2tb0,0.13
t3_16xpx8,0.098
t3_1h6hhv,0.248
t3_10u7w0,0.246
t3_vnbuw,0.246
t3_j0p9a,0.246
t3_z59mf,0.186
t3_1lozqp,0.142
t3_mwzrw,0.26
t3_iri2m,0.452
t3_qc8g7,0.248
t3_mkd95,0.528
t3_yl0d6,0.486
t3_1gtjtl,0.816
t3_1l8cy1,0.134
t3_k0rt7,0.25
t3_17bfiq,0.262
t3_10ha4t,0.062
t3_ylne2,0.174
t3_q3bzv,0.174
t3_100ws2,0.252
t3_wkix8,0.906
t3_1cqwsx,0.124
t3_144op5,0.254
t3_pmvgu,0.13
t3_16bg93,0.352
t3_10a2dc,0.208
t3_pt1qv,0.908
t3_1na4hu,0.836
t3_1lt6br,0.144
t3_152ods,0.258
t3_1j96zh,0.632
t3_ialea,0.27
t3_1kiib3,0.16
t3_zj8ln,0.132
t3_1ku1id,0.264
t3_yq9dd,0.134
t3_j1ppy,0.322
t3_12rcts,0.234
t3_1005cj,0.122
t3_v10wr,0.112
t3_10tzmd,0.296
t3_1j4sg0,0.086
t3_13y2ou,0.122
t3_16c7pm,0.208
t3_jpyr1,0.272
t3_ynmkd,0.084
t3_14wvfb,0.082
t3_qj5j2,0.272
t3_ys4zk,0.082
t3_1imxgn,0.284
t3_ukrwy,0.27
t3_1b4spk,0.196
t3_wpp9o,0.082
t3_s4jhg,0.178
t3_i2vq7,0.242
t3_1miz3n,0.096
t3_1209kl,0.194
t3_wh0l4,0.096
t3_lu96s,0.116
t3_kcfr0,0.262
t3_1myvpl,0.198
t3_1l0lpu,0.09
t3_z1lre,0.208
t3_1mu7o8,0.204
t3_zukcs,0.188
t3_i6vkd,0.626
t3_kcldp,0.41
t3_19dhd6,0.118
t3_1i7c6y,0.116
t3_seonb,0.06
t3_rv4en,0.208
t3_qrwex,0.95
t3_1mo5ws,0.22
t3_ndq9f,0.258
t3_o0l9h,0.296
t3_tds8d,0.534
t3_1jde5v,0.116
t3_12hb73,0.082
t3_juemz,0.19
t3_kh34f,0.288
t3_khwp6,0.5
t3_iqumh,0.55
t3_pszmn,0.164
t3_1mx366,0.116
t3_jcm20,0.166
t3_1bbzet,0.102
t3_iowa1,0.182
t3_1h1syy,0.116
t3_myx8u,0.28
t3_1g7ny0,0.046
t3_17tkid,0.23
t3_11hcyw,0.108
t3_n6qkh,0.266
t3_tmn3s,0.148
t3_11v7q2,0.18
t3_1cd6yv,0.178
t3_io0oy,0.534
t3_1hip5p,0.892
t3_1gkd2i,0.084
t3_hvgv7,0.56
t3_m5a39,0.104
t3_17sl35,0.896
t3_utp3h,0.134
t3_10tv7s,0.064
t3_1a40n4,0.06
t3_kj8a0,0.168
t3_1mgrri,0.06
t3_1nd11h,0.84
t3_1ldhfb,0.106
t3_10mo95,0.754
t3_sx32l,0.226
t3_pw2mi,0.236
t3_o7co1,0.25
t3_16stuw,0.07
t3_1ctx4r,0.176
t3_1adx9s,0.114
t3_il9ks,0.282
t3_rp169,0.136
t3_zatki,0.206
t3_iknip,0.218
t3_uhoi3,0.18
t3_uz6m5,0.132
t3_127wms,0.204
t3_16bong,0.108
t3_uz1hn,0.242
t3_keq0w,0.29
t3_y3hef,0.248
t3_iaoch,0.394
t3_rf6ne,0.098
t3_1cjpyc,0.214
t3_t1rba,0.878
t3_j5td8,0.404
t3_mpkb2,0.096
t3_x8k7r,0.246
t3_ikw4b,0.228
t3_1784zg,0.272
t3_it7o4,0.148
t3_zv8j4,0.854
t3_12t1lk,0.104
t3_vjk10,0.428
t3_khwh9,0.238
t3_1b7u1o,0.16
t3_1l2duz,0.16
t3_wkwew,0.348
t3_l1klc,0.154
t3_1epqt0,0.44
t3_1mvp23,0.172
t3_tnfo9,0.146
t3_ka7al,0.102
t3_wwl2i,0.282
t3_inkwj,0.25
t3_ilt19,0.378
t3_pgs0h,0.156
t3_iwfey,0.156
t3_jqgd5,0.33
t3_qc5o5,0.362
t3_soims,0.114
t3_17s4gm,0.218
t3_1hq0de,0.162
t3_jigc8,0.124
t3_1l2vma,0.074
t3_14t437,0.228
t3_19jx8n,0.194
t3_n420r,0.198
t3_1czpg7,0.096
t3_ishzm,0.396
t3_nx2c3,0.45
t3_1jx4g7,0.122
t3_12zak9,0.262
t3_p7o7p,0.398
t3_u7588,0.152
t3_icoi3,0.212
t3_10p6bh,0.11
t3_j0ert,0.236
t3_i5pv9,0.276
t3_ncw61,0.334
t3_1a6oez,0.08
t3_15zae8,0.266
t3_118p7t,0.368
t3_p1s5g,0.162
t3_slvkc,0.9
t3_1n0mel,0.074
t3_z9a9f,0.134
t3_vzxe5,0.806
t3_103oiv,0.084
t3_14wzoi,0.304
t3_1ib7b2,0.178
t3_llyi4,0.116
t3_1kxzgl,0.112
t3_ihdep,0.368
t3_iui32,0.148
t3_pwu9g,0.23
t3_1jd4uk,0.21
t3_iq6md,0.276
t3_x7u2w,0.272
t3_1j6vvd,0.1
t3_103ub7,0.24
t3_14a8dq,0.24
t3_m99m6,0.284
t3_x7oqf,0.262
t3_1ce5o7,0.896
t3_1cvjjv,0.116
t3_1nbngz,0.11
t3_1a8xdn,0.23
t3_16yaml,0.142
t3_1i8aq1,0.096
t3_15nht5,0.896
t3_1glm8v,0.17
t3_l8c3e,0.188
t3_qgp7g,0.224
t3_1bbkjj,0.26
t3_l7tdm,0.254
t3_oqfw3,0.182
t3_vn01f,0.212
t3_j7spk,0.294
t3_k6wpu,0.32
t3_wywms,0.148
t3_1mzwgv,0.504
t3_1g30en,0.272
t3_1lqpgs,0.266
t3_xlntv,0.126
t3_1jaeay,0.134
t3_xwkff,0.088
t3_qble3,0.268
t3_vgtvb,0.184
t3_huun2,0.286
t3_11iwbh,0.242
t3_saszu,0.282
t3_17ziw6,0.81
t3_nfyao,0.434
t3_zuqs9,0.12
t3_1aoyt9,0.116
t3_i5viy,0.27
t3_1alsyg,0.054
t3_1i1vg0,0.264
t3_ot0gt,0.438
t3_o32bg,0.25
t3_1ihs5o,0.254
t3_n6ike,0.296
t3_19w1fa,0.126
t3_1iz7w9,0.04
t3_15irym,0.264
t3_recpu,0.856
t3_1bnjaf,0.136
t3_mn557,0.346
t3_1iuxw6,0.164
t3_1eipbs,0.5
t3_16gm64,0.906
t3_z10a2,0.12
t3_jq2qd,0.16
t3_yl0mo,0.294
t3_iburr,0.276
t3_ijk8n,0.27
t3_jya89,0.252
t3_mslxz,0.884
t3_1nuvzh,0.436
t3_kkd4w,0.28
t3_qbp6w,0.146
t3_1g2qc7,0.09
t3_10fjy1,0.08
t3_qzqrr,0.16
t3_sizfg,0.25
t3_k6dvb,0.302
t3_jx8c9,0.278
t3_1l7szl,0.224
t3_kal40,0.262
t3_y80tw,0.124
t3_q087s,0.864
t3_wcv08,0.118
t3_11ybtb,0.108
t3_jb0sr,0.174
t3_iqyh1,0.302
t3_vbvas,0.376
t3_i77kq,0.868
t3_kn4tz,0.898
t3_iql59,0.326
t3_1jtmxq,0.212
t3_1g4n79,0.106
t3_18a5ku,0.064
t3_1eojga,0.024
t3_qyoqv,0.39
t3_j0c1a,0.36
t3_14yxcw,0.36
t3_16n6pk,0.266
t3_vmld7,0.142
t3_19wz0p,0.122
t3_wh5io,0.894
t3_wllf8,0.234
t3_1j8sle,0.498
t3_ygzwt,0.866
t3_sf1tx,0.854
t3_my2jp,0.372
t3_1csu44,0.14
t3_1gzwv3,0.702
t3_14i071,0.404
t3_mlvt9,0.194
t3_16bki5,0.872
t3_1irwdx,0.27
t3_o9r7b,0.298
t3_14ul32,0.128
t3_1i0eh2,0.738
t3_mqngj,0.232
t3_1crdrj,0.318
t3_x5h3j,0.246
t3_1kud1g,0.272
t3_iokob,0.26
t3_lqc45,0.242
t3_1nbk5w,0.058
t3_1dqyg1,0.144
t3_1lxc6a,0.304
t3_16up9c,0.204
t3_ki92d,0.222
t3_xun5w,0.202
t3_jp37k,0.156
t3_iw40l,0.274
t3_1bnc88,0.09
t3_nf344,0.874
t3_if7k2,0.278
t3_jkyp6,0.112
t3_1cpe20,0.29
t3_tq16k,0.188
t3_1dd5tg,0.082
t3_16smd3,0.216
t3_uumxf,0.27
t3_1ihpy4,0.09
t3_ip2hr,0.6
t3_pvcnn,0.168
t3_16kriw,0.09
t3_lwy5f,0.34
t3_wy5o2,0.172
t3_15995m,0.202
t3_1g80pd,0.09
t3_vt5ky,0.918
t3_kpi24,0.236
t3_15uhsz,0.234
t3_wy5zu,0.832
t3_x3kb1,0.128
t3_j6rym,0.776
t3_oseds,0.28
t3_11u31u,0.822
t3_r167g,0.202
t3_1dauom,0.092
t3_11h6ki,0.202
t3_y9wpd,0.12
t3_spamz,0.038
t3_1ikz3c,0.064
t3_y60rj,0.136
t3_vctql,0.352
t3_k50j9,0.138
t3_iavvx,0.468
t3_u97ej,0.142
t3_zeqka,0.154
t3_ivcii,0.25
t3_10u1pr,0.832
t3_ibqzx,0.738
t3_k1f2x,0.204
t3_1e9rou,0.086
t3_ibp27,0.182
t3_yfron,0.818
t3_ity9v,0.28
t3_16tpsb,0.24
t3_1iwtmh,0.168
t3_o8a74,0.214
t3_lqmfy,0.154
t3_yabhi,0.242
t3_1gzjki,0.134
t3_qlw5i,0.152
t3_1iwu3k,0.068
t3_wzgke,0.172
t3_x60uq,0.138
t3_1n8ya7,0.086
t3_1mxh2m,0.138
t3_nuc18,0.392
t3_n02dy,0.422
t3_19jb1z,0.19
t3_1krrqc,0.31
t3_xuxaw,0.128
t3_xoqxy,0.134
t3_1iu6wt,0.224
t3_1hbjrr,0.15
t3_14xerk,0.218
t3_o4np7,0.244
t3_j6rve,0.338
t3_zjzx0,0.806
t3_wdhwu,0.148
t3_1ii2m8,0.074
t3_12jnd7,0.204
t3_noqvy,0.336
t3_1nbmq4,0.318
t3_13bycv,0.254
t3_1d3knr,0.27
t3_wogdg,0.904
t3_11q44h,0.062
t3_12nzg3,0.89
t3_17tw9t,0.226
t3_if2lx,0.282
t3_1jun2m,0.172
t3_19cylf,0.16
t3_jt3rn,0.2
t3_1ibd5b,0.876
t3_l7cxz,0.312
t3_1ci2kn,0.158
t3_lcdp2,0.206
t3_1lfolk,0.86
t3_1j8mbe,0.168
t3_jx8ma,0.114
t3_1cu42k,0.13
t3_kalpb,0.268
t3_12lehd,0.108
t3_kskxw,0.292
t3_1n296f,0.256
t3_lgsol,0.26
t3_i82id,0.424
t3_n5ee3,0.358
t3_mw6mn,0.118
t3_1c162l,0.446
t3_ihvtc,0.434
t3_154oxy,0.158
t3_kqiam,0.126
t3_n5s0d,0.258
t3_10kx56,0.16
t3_v1zxp,0.218
t3_11oca5,0.28
t3_lhtt9,0.338
t3_o1sex,0.432
t3_10opxp,0.122
t3_11l9tf,0.242
t3_wad1r,0.032
t3_11ub4a,0.286
t3_yrhwg,0.266
t3_wapmb,0.194
t3_1azh0f,0.216
t3_1cyenp,0.412
t3_m4a4w,0.262
t3_16ei1j,0.246
t3_17dp7q,0.062
t3_1b1yue,0.134
t3_128jt5,0.38
t3_xbm38,0.268
t3_1hplyt,0.268
t3_yhdcj,0.17
t3_1h7v40,0.168
t3_qywp7,0.154
t3_1mjo0g,0.138
t3_i2gwx,0.56
t3_x7px3,0.282
t3_17crrn,0.106
t3_15muo0,0.16
t3_iatwz,0.464
t3_j55ss,0.354
t3_1ah59z,0.836
t3_1hg3ju,0.618
t3_kfdgh,0.128
t3_l61uc,0.168
t3_w6c9t,0.212
t3_m5gfe,0.238
t3_1nuw9m,0.3
t3_rc0s8,0.308
t3_n04lh,0.22
t3_ozr08,0.194
t3_k5v9b,0.242
t3_z1zks,0.114
t3_q5yda,0.162
t3_y3xyz,0.132
t3_julqz,0.146
t3_14tned,0.062
t3_11ppkr,0.306
t3_1cruvk,0.148
t3_s3iwq,0.206
t3_iqvav,0.202
t3_lzc3o,0.352
t3_wgfco,0.102
t3_14tp3u,0.858
t3_pgnfb,0.188
t3_jf2ir,0.14
t3_k4gza,0.14
t3_10wg2c,0.242
t3_if7p7,0.264
t3_m45jf,0.132
t3_uf051,0.884
t3_17mn5i,0.23
t3_17gl52,0.118
t3_iqvla,0.216
t3_ldki5,0.302
t3_1126jt,0.208
t3_mvsb5,0.234
t3_n32ze,0.142
t3_gl7ef,0.436
t3_iug9n,0.24
t3_1ewdrb,0.174
t3_tdu8m,0.356
t3_k91wr,0.284
t3_r0h5h,0.15
t3_ifbw5,0.442
t3_1n7sx3,0.132
t3_1b5a4p,0.16
t3_iamq6,0.484
t3_o6z29,0.252
t3_jydqo,0.116
t3_p3ftt,0.124
t3_pupzc,0.298
t3_tn97v,0.154
t3_vqsnl,0.154
t3_12cxuc,0.034
t3_1ktx51,0.27
t3_tydcg,0.176
t3_hug18,0.384
t3_mi7ma,0.118
t3_l67if,0.122
t3_1lml71,0.122
t3_otuha,0.118
t3_1dfe2n,0.262
t3_zkui3,0.258
t3_1mh9w4,0.154
t3_1jp3f1,0.126
t3_16gr5b,0.104
t3_mwd82,0.188
t3_1jn1j6,0.192
t3_1ezf35,0.06
t3_1j4ytk,0.802
t3_ud0gj,0.196
t3_1f8knc,0.13
t3_vgool,0.898
t3_11b1ti,0.116
t3_1aoz8s,0.122
t3_1cr1zd,0.13
t3_yvma1,0.116
t3_ifzvz,0.25
t3_sp26r,0.39
t3_w5b9g,0.076
t3_ql4hw,0.118
t3_v1zdc,0.188
t3_kxz0h,0.256
t3_wa7hw,0.878
t3_lgtm6,0.082
t3_is4sr,0.236
t3_19b1c5,0.132
t3_1iv47z,0.042
t3_1j04eu,0.27
t3_1jx10i,0.11
t3_i5o5g,0.272
t3_1e920k,0.266
t3_k70pb,0.904
t3_xko5d,0.132
t3_1a3vfl,0.108
t3_1lxybt,0.248
t3_ldjhu,0.442
t3_ldeog,0.256
t3_pfod3,0.178
t3_193qwb,0.146
t3_1950v4,0.36
t3_lzkhn,0.112
t3_krl47,0.172
t3_r67bm,0.138
t3_zaw9z,0.288
t3_sxko6,0.158
t3_p8av3,0.2
t3_inwm2,0.178
t3_1ihttr,0.134
t3_j85dp,0.236
t3_1ag1v5,0.884
t3_1lu5yo,0.144
t3_1fj9p3,0.398
t3_1nv4ks,0.18
t3_1mdaak,0.152
t3_1ctxw7,0.082
t3_1eevnc,0.272
t3_1ij15g,0.09
t3_15isv5,0.364
t3_1lf3me,0.118
t3_16d2ly,0.102
t3_1k1xs4,0.28
t3_ytvgx,0.588
t3_1ihggu,0.162
t3_iyq1i,0.226
t3_j2vji,0.268
t3_tf9im,0.25
t3_15ti56,0.278
t3_zq14r,0.136
t3_ix9g0,0.186
t3_sosun,0.128
t3_13byqo,0.128
t3_1cf800,0.272
t3_135fj1,0.214
t3_1crefk,0.196
t3_10cvn1,0.06
t3_sidd8,0.278
t3_l4o05,0.162
t3_1irpp0,0.222
t3_14tboe,0.278
t3_14vcsz,0.312
t3_1ik17v,0.13
t3_1memn0,0.284
t3_1icup0,0.3
t3_lhqi7,0.052
t3_1ipvwk,0.106
t3_1dlaly,0.14
t3_zzuu4,0.084
t3_19cz7c,0.112
t3_1k64o2,0.078
t3_1mjpg0,0.068
t3_iol8h,0.36
t3_1isd30,0.064
t3_lj7oy,0.866
t3_xnm2p,0.296
t3_1c3v9m,0.146
t3_s4svv,0.848
t3_19jlpy,0.162
t3_19nhbi,0.102
t3_1gb1to,0.108
t3_1c8rmz,0.892
t3_1igt9f,0.294
t3_1eqmt5,0.062
t3_rwaf0,0.142
t3_1kw2e6,0.198
t3_1jgelh,0.204
t3_jcq0o,0.128
t3_172kz4,0.26
t3_w56fp,0.9
t3_my16i,0.192
t3_k0r9x,0.246
t3_17sczo,0.174
t3_14im5p,0.284
t3_1ih8z4,0.854
t3_qmmdi,0.172
t3_qgsgw,0.178
t3_1gdjus,0.252
t3_k0vt2,0.188
t3_1jd94m,0.21
t3_k4z02,0.184
t3_lp6lv,0.176
t3_1agayp,0.37
t3_1b9o16,0.27
t3_17q6f5,0.224
t3_n39i4,0.254
t3_pey91,0.176
t3_125l77,0.136
t3_150p6t,0.172
t3_1ig7c8,0.21
t3_1bd8v3,0.102
t3_in1tc,0.228
t3_pcmhh,0.43
t3_ziw36,0.22
t3_m489r,0.478
t3_jxuil,0.174
t3_i7lvc,0.334
t3_iq3hd,0.436
t3_y5tl0,0.254
t3_1mx6dp,0.184
t3_17la4f,0.086
t3_i11au,0.354
t3_naa39,0.272
t3_k87gg,0.326
t3_lrud4,0.062
t3_11k0ch,0.136
t3_jjtne,0.156
t3_1o3fi6,0.168
t3_qwz21,0.286
t3_if9kv,0.244
t3_ino69,0.23
t3_y36b3,0.316
t3_ljw7y,0.132
t3_msmlt,0.296
t3_1c01o8,0.34
t3_yk3jz,0.11
t3_jvh01,0.178
t3_wgsws,0.196
t3_lq66h,0.426
t3_15567s,0.88
t3_1lsr9x,0.134
t3_1d96q8,0.142
t3_r1xtu,0.124
t3_1exwmo,0.272
t3_k4m4x,0.22
t3_15e251,0.214
t3_1ma7rd,0.168
t3_jgtfw,0.272
t3_18droz,0.92
t3_phmbn,0.314
t3_n6s1i,0.298
t3_htxnw,0.554
t3_wkd6l,0.854
t3_1i8b15,0.166
t3_17ovhi,0.22
t3_ngtw8,0.134
t3_jedff,0.116
t3_1iv2s8,0.06
t3_iynyd,0.214
t3_vi2qo,0.222
t3_nz2df,0.402
t3_rkhub,0.328
t3_jmr1j,0.254
t3_iwavb,0.182
t3_iv6eu,0.132
t3_j6nr5,0.412
t3_1cniq6,0.374
t3_q0c6k,0.222
t3_1mufdh,0.148
t3_1bw1b9,0.142
t3_ico94,0.168
t3_vipop,0.26
t3_1iwdep,0.168
t3_1izd63,0.108
t3_1m9j1d,0.536
t3_1g5pyx,0.118
t3_v7tzf,0.272
t3_jog1v,0.198
t3_pe8md,0.14
t3_kxlzo,0.332
t3_kz2ws,0.09
t3_1ee1fp,0.292
t3_khxzm,0.138
t3_1166u8,0.138
t3_wj4na,0.134
t3_11lg2f,0.256
t3_1iwg9n,0.102
t3_vjgu4,0.152
t3_1275dw,0.106
t3_16w1fs,0.266
t3_1lxlbw,0.128
t3_ojw1m,0.17
t3_1jart1,0.21
t3_yf6n3,0.358
t3_1n859f,0.082
t3_n993g,0.2
t3_jzi49,0.176
t3_tv7zq,0.858
t3_opj7h,0.246
t3_12jio7,0.09
t3_1loyn7,0.278
t3_12c6hf,0.268
t3_pzish,0.284
t3_1h05vp,0.12
t3_110efm,0.196
t3_xa98e,0.616
t3_xgrpi,0.106
t3_1h29mo,0.442
t3_niode,0.514
t3_hy49h,0.33
t3_1eluz0,0.1
t3_12eoc9,0.216
t3_1necw3,0.24
t3_1lw16j,0.87
t3_ihh90,0.246
t3_jyepv,0.438
t3_kqf8k,0.188
t3_m9h42,0.116
t3_ikck4,0.416
t3_vzfp5,0.366
t3_1mhbok,0.134
t3_150x3u,0.172
t3_rdsa5,0.876
t3_1k175h,0.14
t3_xu8em,0.156
t3_w7fjy,0.188
t3_xnrho,0.168
t3_1n6wjw,0.104
t3_15fud8,0.406
t3_11hnoe,0.184
t3_jmnl8,0.132
t3_1kkv09,0.204
t3_ngvgh,0.134
t3_jx94c,0.176
t3_xwxmj,0.282
t3_iwfd1,0.134
t3_10hpsk,0.898
t3_hvwav,0.504
t3_snqsi,0.132
t3_icqr9,0.342
t3_ibz1b,0.476
t3_iay69,0.146
t3_11zblm,0.04
t3_wzkmu,0.208
t3_1crpj5,0.082
t3_iczu2,0.226
t3_wns9p,0.276
t3_1invu0,0.082
t3_m2hic,0.246
t3_vi9dc,0.142
t3_pimge,0.282
t3_i7adt,0.652
t3_15e9dq,0.862
t3_1czkj9,0.158
t3_1btf55,0.302
t3_yifuj,0.098
t3_zh4v4,0.15
t3_paght,0.18
t3_1bmaeo,0.348
t3_1mnkgu,0.092
t3_1hdqo9,0.258
t3_12lbis,0.114
t3_1hcumf,0.154
t3_11s3p3,0.184
t3_1dkhn2,0.2
t3_onxcv,0.146
t3_1g5q8a,0.138
t3_16lcq8,0.228
t3_17gi30,0.2
t3_ibs5y,0.16
t3_1cs2px,0.29
t3_v4w93,0.104
t3_1n1axt,0.112
t3_ihko3,0.27
t3_1896rw,0.184
t3_125i9k,0.89
t3_ww56x,0.204
t3_uj7th,0.16
t3_xsnoi,0.86
t3_jyi06,0.452
t3_yxnzv,0.11
t3_l4640,0.24
t3_1dnss4,0.176
t3_1359u2,0.296
t3_s4r05,0.088
t3_j16ec,0.15
t3_zpi3v,0.102
t3_pyewj,0.2
t3_ychfj,0.202
t3_l4pgj,0.218
t3_1llkaa,0.16
t3_wj3qa,0.12
t3_zy61w,0.184
t3_1dize8,0.228
t3_1f7t8i,0.156
t3_1lerlv,0.232
t3_1meieg,0.832
t3_156xcj,0.164
t3_j8iuv,0.168
t3_irgvc,0.21
t3_qyedt,0.194
t3_u95c6,0.226
t3_1e97au,0.894
t3_wp8uc,0.14
t3_sst1u,0.206
t3_1c63lb,0.224
t3_o85l6,0.186
t3_idivc,0.164
t3_k45dt,0.306
t3_19ywdh,0.896
t3_kf0cy,0.318
t3_137zgp,0.156
t3_1gx8mx,0.396
t3_tvndu,0.172
t3_zsgtc,0.114
t3_l4n9w,0.338
t3_mjeye,0.112
t3_mz1mg,0.148
t3_jgbs9,0.32
t3_1gnaod,0.206
t3_hrz9i,0.37
t3_1me64e,0.19
t3_idq7h,0.164
t3_ys5ol,0.262
t3_1lezr3,0.166
t3_lnwd6,0.42
t3_zwbh8,0.13
t3_1ctkfz,0.126
t3_1kn4ge,0.182
t3_1l10qa,0.27
t3_177ayp,0.86
t3_jijg7,0.156
t3_16vnjz,0.49
t3_1nbk1o,0.098
t3_vem93,0.224
t3_o6e99,0.096
t3_jahvc,0.168
t3_k62zb,0.348
t3_1n351g,0.182
t3_11tjwv,0.192
t3_14ux4w,0.094
t3_ijhc3,0.23
t3_1j6f3u,0.194
t3_w21z2,0.126
t3_j82a6,0.158
t3_pm783,0.358
t3_v3r93,0.202
t3_1jimga,0.214
t3_idti4,0.508
t3_mjkln,0.28
t3_y2ne5,0.252
t3_xry1e,0.294
t3_qceuc,0.87
t3_16noen,0.176
t3_1ee39k,0.16
t3_1eq5xl,0.144
t3_mrkl3,0.114
t3_ojet5,0.17
t3_v0ki0,0.158
t3_jq47k,0.182
t3_1fqoyo,0.908
t3_vbb3v,0.17
t3_1k62l3,0.152
t3_12p4pv,0.132
t3_i37e6,0.204
t3_if7vp,0.464
t3_kvy1i,0.248
t3_xd0ls,0.202
t3_rirnq,0.264
t3_mco6n,0.35
t3_13tugz,0.146
t3_k0ilx,0.25
t3_ibat9,0.286
t3_m42qj,0.212
t3_1cucx0,0.262
t3_zjfck,0.11
t3_1iv5aj,0.34
t3_u7z81,0.246
t3_ke8v1,0.266
t3_t6s95,0.882
t3_w3y90,0.25
t3_vvs2c,0.222
t3_hupa5,0.486
t3_zf126,0.152
t3_v18x3,0.258
t3_my9b0,0.43
t3_10kngj,0.232
t3_is415,0.15
t3_io8w1,0.24
t3_jatqy,0.3
t3_yz9sf,0.138
t3_k4z3q,0.118
t3_1bird0,0.244
t3_1cjq75,0.188
t3_1cle36,0.162
t3_1cgw6n,0.888
t3_yvb02,0.136
t3_jzmij,0.122
t3_iii4u,0.42
t3_jmyq9,0.132
t3_kr3gt,0.148
t3_w8rkv,0.16
t3_12x5q1,0.094
t3_jshkp,0.104
t3_1o9hi0,0.456
t3_u64m1,0.182
t3_1cylzs,0.106
t3_icou8,0.166
t3_jvh8u,0.148
t3_rzjzd,0.186
t3_mxzhx,0.416
t3_vwclz,0.192
t3_wxsh1,0.148
t3_k3ki7,0.202
t3_j6283,0.24
t3_mxya9,0.294
t3_1aduwk,0.202
t3_ot2tt,0.228
t3_1lvsn9,0.174
t3_1cysab,0.12
t3_nhqn0,0.416
t3_1109ba,0.194
t3_11sa5p,0.104
t3_16wls1,0.118
t3_1i8cqz,0.16
t3_wwkkm,0.15
t3_110gio,0.164
t3_inmlb,0.272
t3_k3ocx,0.356
t3_1hz09s,0.3
t3_1mzio9,0.208
t3_lb1w0,0.432
t3_1crwei,0.15
t3_q5961,0.176
t3_lxx3z,0.318
t3_16appe,0.102
t3_1adg49,0.182
t3_iyk1y,0.184
t3_1iw0gf,0.158
t3_x1o1v,0.072
t3_1m23pg,0.182
t3_yintm,0.118
t3_ts9p3,0.328
t3_z9ck0,0.272
t3_th40x,0.862
t3_icon7,0.134
t3_t0mtn,0.304
t3_juayz,0.188
t3_mzfsp,0.396
t3_14exjy,0.204
t3_1c7725,0.094
t3_1ifyzz,0.44
t3_i96f9,0.764
t3_kbmyh,0.278
t3_170pqr,0.146
t3_sqwpp,0.416
t3_1553el,0.072
t3_ikbu8,0.3
t3_y6aab,0.094
t3_1fxma9,0.058
t3_18gj1h,0.084
t3_o0jew,0.304
t3_1jpkbf,0.228
t3_idu38,0.318
t3_lhjci,0.344
t3_1d3hd7,0.124
t3_150b65,0.138
t3_rjp1j,0.184
t3_k30r3,0.288
t3_1hav4d,0.136
t3_1a5ixr,0.12
t3_pxd37,0.068
t3_1djtso,0.904
t3_14ezoh,0.15
t3_12obj5,0.268
t3_nqwjm,0.558
t3_oifsx,0.142
t3_1f45sh,0.14
t3_1fr5bm,0.112
t3_r7odh,0.268
t3_1kmou4,0.108
t3_17pzg4,0.306
t3_i0miz,0.252
t3_il0s0,0.38
t3_1l5uzx,0.19
t3_1evpom,0.074
t3_idy6k,0.406
t3_sshis,0.348
t3_1blxrm,0.124
t3_1esd91,0.188
t3_vai9m,0.162
t3_ne3jr,0.242
t3_1nm9os,0.24
t3_ledhr,0.332
t3_pw02q,0.17
t3_irgbj,0.324
t3_xd9hv,0.254
t3_icu7p,0.194
t3_1d8yob,0.152
t3_l4xry,0.364
t3_112jsu,0.278
t3_kly75,0.282
t3_ifrfv,0.298
t3_x8mp3,0.264
t3_x2qzw,0.192
t3_13u1al,0.116
t3_xnwf2,0.18
t3_xf1p9,0.144
t3_jjz0j,0.254
t3_k08dr,0.404
t3_1af9hg,0.146
t3_tl8gg,0.926
t3_qdtn7,0.236
t3_ubnwm,0.904
t3_s14x9,0.158
t3_157g5c,0.084
t3_y9nfg,0.184
t3_tfqnk,0.168
t3_1lxsiq,0.108
t3_r1boq,0.176
t3_14ihpw,0.138
t3_12124d,0.238
t3_10o1th,0.242
t3_1blyk4,0.174
t3_jxj0w,0.768
t3_12vddw,0.082
t3_1kow8l,0.184
t3_llfug,0.328
t3_1fqagd,0.138
t3_pfs19,0.176
t3_185q0b,0.318
t3_th6m0,0.058
t3_1ma6le,0.106
t3_k0q1w,0.192
t3_15xp2y,0.304
t3_vpe62,0.2
t3_12gbgy,0.462
t3_jtsb9,0.12
t3_wly8k,0.272
t3_j2k0d,0.222
t3_1j4tf5,0.22
t3_yfjn0,0.324
t3_1cot73,0.442
t3_n81pv,0.344
t3_ijnhm,0.232
t3_1493gl,0.09
t3_1i4pcy,0.332
t3_n5o88,0.308
t3_mrgd3,0.456
t3_1fqv6l,0.218
t3_mscj8,0.294
t3_tiyor,0.236
t3_l4rl8,0.364
t3_1e2v32,0.194
t3_r7sgr,0.356
t3_t0krh,0.25
t3_iregv,0.282
t3_ndcvq,0.296
t3_w3ldb,0.234
t3_q3io5,0.288
t3_smcni,0.296
t3_zzsho,0.13
t3_pr3p3,0.124
t3_1hluyc,0.122
t3_k025c,0.236
t3_1go8c1,0.104
t3_ihhbr,0.778
t3_1ckfzz,0.424
t3_1l7ksf,0.044
t3_vawcb,0.184
t3_mody8,0.234
t3_1foy3z,0.23
t3_qzu4g,0.288
t3_lmb89,0.338
t3_1m53fu,0.096
t3_10cy64,0.2
t3_m7m7l,0.864
t3_1lfrlc,0.102
t3_iihye,0.24
t3_xn5hp,0.08
t3_ro9ud,0.132
t3_kx1pn,0.48
t3_1cn0h3,0.172
t3_zq12j,0.124
t3_1br2hm,0.262
t3_knttk,0.396
t3_11wza2,0.882
t3_iwbsf,0.242
t3_nys7g,0.352
t3_17pmtu,0.136
